UNV,Y,X
HTP,48.59323950,7.70714690
CH Haguenau,48.79733580,7.77857800
CH Colmar,48.07491630,7.33731220
CH Mulhouse,47.72490350,7.34344870
CH Belfort,47.6429758232521,6.85359290706032
CH Epinal,48.1759172944507,6.4383431567198
Bar-le-Duc,48.7864842556998,5.16304094459309
CH Forbach,49.181749328169,6.91187743301325
CH Metz (Mercy),49.0843027499251,6.24244418601928
CHU Nancy (Central),48.6839334667493,6.1894119907878
