UNV,Y,X
HTP,48.59323950,7.70714690
CH Haguenau,48.79733580,7.77857800
CH Colmar,48.07491630,7.33731220
CH Mulhouse,47.72490350,7.34344870
