NOM,Y,X
Nancy,48.698212,6.174316
Metz,49.124219,6.174316
Epinal,48.180739,6.448975
